name,city_region,type,products,certifications,eu_market,scale,verification,source_ref
GIE Targanine,Agadir (Souss-Massa),Economic interest group of 6 women's argan cooperatives (est. 2003),"Culinary and cosmetic argan oil, prickly pear seed oil","Ecocert organic; COSMOS; Fair for Life",Yes,1000+ women across 6 cooperatives,Verified,X1;X2
UCFA - Union des Coopératives des Femmes de l’Arganeraie (Tissaliwine),Agadir / Tiznit / Taroudant / Chtouka Aït Baha / Essaouira,Union of 22 women's cooperatives (est. 1999),Hand-pressed argan oil and derivatives,"Member co-op listed on Ecocert public register: EU organic + USDA NOP",Yes,~1200 women across 6 provinces,Verified,X3;X4;X5
OLVEA Morocco SARL,Argan forest ~20 km from Agadir,Private company (Moroccan subsidiary of French OLVEA group),"Argan oil (cosmetic, food, pharma grade), vegetable oils","Ecocert EU organic (Reg. 2018/848); USDA NOP; PGI Argane; fair-trade chains",Yes,Industrial scale; supplies EU cosmetics and food industry,Verified,X14;X15;X16
Coopérative Marjana,Essaouira (Marrakech-Safi),Women's argan cooperative,Culinary and cosmetic argan oil,"Ecocert EU organic + USDA NOP (public register); PGI",Yes,not published,Verified,X10;X11
Coopérative Agricole Féminine Taitmatine,"Tiout, Taroudant (Souss-Massa)",Women's cooperative (est. 2002),Culinary and cosmetic argan oil,"Ecocert; ONSSA; PGI Argane; Terroir du Maroc; Fair for Life",Yes,100+ women; >20000 argan trees,Verified,X8;X9
Coopérative Tighanimine,"Drarga, Agadir Ida-Outanane",Women's cooperative (est. 2006),"Argan oil, soaps, creams","Fairtrade (FLO) since Nov 2011 - world's first Fairtrade argan producer; organic",Yes,68 to 100+ women,Verified,X12;X13
Coopérative Ajddigue,"Tidzi, Essaouira",Women's cooperative (est. 1997),"Argan oil, soaps, skincare",Ecocert organic,Yes,100+ women,Verified,X6;X7
Les Bios d'Agadir,Agadir (Souss-Massa),Private producer / wholesaler,"Cosmetic and culinary argan oil, prickly pear seed oil, rose and orange blossom water","Ecocert EU organic + USDA NOP (public register); Morocco Foodex lot control",Yes,not published,Verified,X17;X18
Primeurs Bio du Souss (PBS),Biougra / Chtouka Aït Baha (Souss-Massa),Private company; control acquired by French group ProNatura,"Organic tomato, pepper, courgette, cucumber, aubergine, melon; organic citrus",Ecocert,"Yes - distributed in major EU retail chains via ProNatura (France)","8 farms; ~200 ha greenhouse, ~50 ha open field, ~100 ha citrus; ~7000 t vegetables + ~4000 t citrus",Verified,X19;X20;X21
Atlas Olive Oils (Oléastre mill),Meknès region (Fès-Meknès),Private family company (since 1887),"Organic extra-virgin olive oil (Picholine Marocaine, Dahbia, Menara)","USDA Organic; EU organic; China Organic; Kosher; US FDA",Yes,>1 million litres per year,Verified,X22;X23
MAROCAPRES,Fès (Fès-Meknès),Private company,"Capers, caperberries, olives, peppers",Ecocert EU organic + USDA NOP (public register),Yes,not published,Verified,X26;X27
Dari Couspate,Salé (Rabat-Salé-Kénitra),Listed private family company (est. 1995),"Organic couscous (first in Morocco), pasta","Moroccan and European organic standards; ISO 22000 (Bureau Veritas); BRC Food","Yes - FR, ES, IT, BE, NL, DE, UK; Carrefour, Leclerc, Auchan, Casino",>50% of national couscous exports,Verified,X28;X29
Les Conserves de Meknès (Aicha),Meknès (Fès-Meknès),Private company (est. 1929),"Organic extra-virgin olive oil, organic argan oil, jams, tomato concentrate, olives",Organic product lines confirmed; certifying body not published,Yes - distribution offices in Europe and USA,Morocco's leading olive oil exporter to the US,Verified (organic CB not identified),X30;X31
Nectarome,Tnine Ourika (Marrakech-Safi),Private company,"Essential oils, aromatic and medicinal plant extracts, argan cosmetics","Ecocert; USDA Organic",Yes - via EU distributors,~50 aromatic/medicinal species,Verified,X32;X33
Coopérative Souktana du Safran,"Taliouine, Taroudant (Souss-Massa)",Agricultural cooperative (est. 1979),Saffron (coloring power 228-240),Marketed as certified organic; PDO Taliouine context,Yes,150+ farmer members,Verified (organic CB not identified),X24;X25
GIE Mezguita Dattes,Zagora (Drâa-Tafilalet),Economic interest group of 10 cooperatives,Dates,"Sold in Belgium under Colruyt's Boni Bio organic line",Yes - Belgium (Colruyt Group),152 farmers,Verified,X37
Abelta SARL (Bio Herbs Export),Morocco,Private company,"Medicinal and aromatic plants, herbs, spices, seeds - >30 species","Organic marketing; certifying body not confirmed",Export-oriented,not published,Partial - organic CB unconfirmed,X34;X35
Assil Nature,Morocco,Private company,"Medicinal and aromatic herbs, natural oils (artemisia, blue tansy, eucalyptus, lavender)","Organic marketing; certifying body not confirmed",Export,not published,Partial - organic CB unconfirmed,X36
CapersMed,Fès (Fès-Meknès),Private company,"Capers, caperberries, piparras",BRCGS Food Safety Grade A; organic status not confirmed,Yes - EU wholesale,not published,Partial - organic status unconfirmed,X26
Difat Ziz,Erfoud (Drâa-Tafilalet),Union of 30+ date cooperatives,Majhoul (Medjool) dates,Sustainability positioning; organic status not confirmed,Export,30+ cooperatives,Partial - organic status unconfirmed,X37
Coopérative Jnan Erfoud,Erfoud (Drâa-Tafilalet),Coopérative of small and medium producers,Majhoul dates,"Local and international quality standards; organic not confirmed",Export,not published,Partial - organic status unconfirmed,X37
Coopérative Tamaynoute,Souss-Massa,Women's argan cooperative,Argan oil,Publishes a certification page; specific certificates not retrieved,not confirmed,not published,Partial,X7;X8
Coopérative Argan Tamait,Souss-Massa,Argan cooperative,Argan oil,Ecocert register: organic agriculture Europe + USA,Yes,not published,Register-only,X49
Messem Maroc SA,Morocco,Private company,not retrieved,Ecocert register: organic agriculture Europe + USA,Yes,not published,Register-only,X49
SCHO Maroc,Morocco,Private company,not retrieved,Ecocert register: organic agriculture Europe + USA,Yes,not published,Register-only,X49
Kenz Maroc,Morocco,Private company,not retrieved,Ecocert register: organic agriculture Europe,Yes,not published,Register-only,X49
EVOO Factory Morocco,Morocco,Private company,Olive oil,Ecocert register: organic agriculture Europe + USA,Yes,not published,Register-only,X49
Natterer Biologique Maroc SARL,Morocco,Private company,not retrieved,Ecocert register: organic agriculture Europe + USA,Yes,not published,Register-only,X49
Beauty Pride,Agadir area (Souss-Massa),Private manufacturer,Argan / prickly pear seed oil,Ecocert register: organic agriculture Europe + USA,Yes,not published,Register-only,X49
Les Arômes du Maroc,Morocco,Private company,Essential oils / cosmetics,Ecocert organic and natural cosmetics,not confirmed,not published,Register-only,X49
